10248;VINET;5;1996-07-04;1996-07-16;1996-08-01;32,38
10249;TOMSP;6;1996-07-05;1996-07-10;1996-08-16;11,61
10250;HANAR;4;1996-07-08;1996-07-12;1996-08-05;65,83
10251;VICTE;3;1996-07-08;1996-07-15;1996-08-05;41,34
10252;SUPRD;4;1996-07-09;1996-07-11;1996-08-06;51,30
10253;HANAR;3;1996-07-10;1996-07-16;1996-07-24;58,17
10254;CHOPS;5;1996-07-11;1996-07-23;1996-08-08;22,98
10255;RICSU;9;1996-07-12;1996-07-15;1996-08-09;148,33
10256;WELLI;3;1996-07-15;1996-07-17;1996-08-12;13,97
10257;HILAA;4;1996-07-16;1996-07-22;1996-08-13;81,91
10258;ERNSH;1;1996-07-17;1996-07-23;1996-08-14;140,51
10259;CENTC;4;1996-07-18;1996-07-25;1996-08-15;3,25
10260;OTTIK;4;1996-07-19;1996-07-29;1996-08-16;55,09
10261;QUEDE;4;1996-07-19;1996-07-30;1996-08-16;3,05
10262;RATTC;8;1996-07-22;1996-07-25;1996-08-19;48,29
10263;ERNSH;9;1996-07-23;1996-07-31;1996-08-20;146,06
10264;FOLKO;6;1996-07-24;1996-08-23;1996-08-21;3,67
10265;BLONP;2;1996-07-25;1996-08-12;1996-08-22;55,28
10266;WARTH;3;1996-07-26;1996-07-31;1996-09-06;25,73
10267;FRANK;4;1996-07-29;1996-08-06;1996-08-26;208,58
10268;GROSR;8;1996-07-30;1996-08-02;1996-08-27;66,29
10269;WHITC;5;1996-07-31;1996-08-09;1996-08-14;4,56
10270;WARTH;1;1996-08-01;1996-08-02;1996-08-29;136,54
10271;SPLIR;6;1996-08-01;1996-08-30;1996-08-29;4,54
10272;RATTC;6;1996-08-02;1996-08-06;1996-08-30;98,03
10273;QUICK;3;1996-08-05;1996-08-12;1996-09-02;76,07
10274;VINET;6;1996-08-06;1996-08-16;1996-09-03;6,01
10275;MAGAA;1;1996-08-07;1996-08-09;1996-09-04;26,93
10276;TORTU;8;1996-08-08;1996-08-14;1996-08-22;13,84
10277;MORGK;2;1996-08-09;1996-08-13;1996-09-06;125,77
10278;BERGS;8;1996-08-12;1996-08-16;1996-09-09;92,69
10279;LEHMS;8;1996-08-13;1996-08-16;1996-09-10;25,83
10280;BERGS;2;1996-08-14;1996-09-12;1996-09-11;8,98
10281;ROMEY;4;1996-08-14;1996-08-21;1996-08-28;2,94
10282;ROMEY;4;1996-08-15;1996-08-21;1996-09-12;12,69
10283;LILAS;3;1996-08-16;1996-08-23;1996-09-13;84,81
10284;LEHMS;4;1996-08-19;1996-08-27;1996-09-16;76,56
10285;QUICK;1;1996-08-20;1996-08-26;1996-09-17;76,83
10286;QUICK;8;1996-08-21;1996-08-30;1996-09-18;229,24
10287;RICAR;8;1996-08-22;1996-08-28;1996-09-19;12,76
10288;REGGC;4;1996-08-23;1996-09-03;1996-09-20;7,45
10289;BSBEV;7;1996-08-26;1996-08-28;1996-09-23;22,77
10290;COMMI;8;1996-08-27;1996-09-03;1996-09-24;79,70
10291;QUEDE;6;1996-08-27;1996-09-04;1996-09-24;6,40
10292;TRADH;1;1996-08-28;1996-09-02;1996-09-25;1,35
10293;TORTU;1;1996-08-29;1996-09-11;1996-09-26;21,18
10294;RATTC;4;1996-08-30;1996-09-05;1996-09-27;147,26
10295;VINET;2;1996-09-02;1996-09-10;1996-09-30;1,15
10296;LILAS;6;1996-09-03;1996-09-11;1996-10-01;0,12
10297;BLONP;5;1996-09-04;1996-09-10;1996-10-16;5,74
10298;HUNGO;6;1996-09-05;1996-09-11;1996-10-03;168,22
10299;RICAR;4;1996-09-06;1996-09-13;1996-10-04;29,76
10300;MAGAA;2;1996-09-09;1996-09-18;1996-10-07;17,68
10301;WANDK;8;1996-09-09;1996-09-17;1996-10-07;45,08
10302;SUPRD;4;1996-09-10;1996-10-09;1996-10-08;6,27
10303;GODOS;7;1996-09-11;1996-09-18;1996-10-09;107,83
10304;TORTU;1;1996-09-12;1996-09-17;1996-10-10;63,79
10305;OLDWO;8;1996-09-13;1996-10-09;1996-10-11;257,62
10306;ROMEY;1;1996-09-16;1996-09-23;1996-10-14;7,56
10307;LONEP;2;1996-09-17;1996-09-25;1996-10-15;0,56
10308;ANATR;7;1996-09-18;1996-09-24;1996-10-16;1,61
10309;HUNGO;3;1996-09-19;1996-10-23;1996-10-17;47,30
10310;THEBI;8;1996-09-20;1996-09-27;1996-10-18;17,52
10311;DUMON;1;1996-09-20;1996-09-26;1996-10-04;24,69
10312;WANDK;2;1996-09-23;1996-10-03;1996-10-21;40,26
10313;QUICK;2;1996-09-24;1996-10-04;1996-10-22;1,96
10314;RATTC;1;1996-09-25;1996-10-04;1996-10-23;74,16
10315;ISLAT;4;1996-09-26;1996-10-03;1996-10-24;41,76
10316;RATTC;1;1996-09-27;1996-10-08;1996-10-25;150,15
10317;LONEP;6;1996-09-30;1996-10-10;1996-10-28;12,69
10318;ISLAT;8;1996-10-01;1996-10-04;1996-10-29;4,73
10319;TORTU;7;1996-10-02;1996-10-11;1996-10-30;64,50
10320;WARTH;5;1996-10-03;1996-10-18;1996-10-17;34,57
10321;ISLAT;3;1996-10-03;1996-10-11;1996-10-31;3,43
10322;PERIC;7;1996-10-04;1996-10-23;1996-11-01;0,40
10323;KOENE;4;1996-10-07;1996-10-14;1996-11-04;4,88
10324;SAVEA;9;1996-10-08;1996-10-10;1996-11-05;214,27
10325;KOENE;1;1996-10-09;1996-10-14;1996-10-23;64,86
10326;BOLID;4;1996-10-10;1996-10-14;1996-11-07;77,92
10327;FOLKO;2;1996-10-11;1996-10-14;1996-11-08;63,36
10328;FURIB;4;1996-10-14;1996-10-17;1996-11-11;87,03
10329;SPLIR;4;1996-10-15;1996-10-23;1996-11-26;191,67
10330;LILAS;3;1996-10-16;1996-10-28;1996-11-13;12,75
10331;BONAP;9;1996-10-16;1996-10-21;1996-11-27;10,19
10332;MEREP;3;1996-10-17;1996-10-21;1996-11-28;52,84
10333;WARTH;5;1996-10-18;1996-10-25;1996-11-15;0,59
10334;VICTE;8;1996-10-21;1996-10-28;1996-11-18;8,56
10335;HUNGO;7;1996-10-22;1996-10-24;1996-11-19;42,11
10336;PRINI;7;1996-10-23;1996-10-25;1996-11-20;15,51
10337;FRANK;4;1996-10-24;1996-10-29;1996-11-21;108,26
10338;OLDWO;4;1996-10-25;1996-10-29;1996-11-22;84,21
10339;MEREP;2;1996-10-28;1996-11-04;1996-11-25;15,66
10340;BONAP;1;1996-10-29;1996-11-08;1996-11-26;166,31
10341;SIMOB;7;1996-10-29;1996-11-05;1996-11-26;26,78
10342;FRANK;4;1996-10-30;1996-11-04;1996-11-13;54,83
10343;LEHMS;4;1996-10-31;1996-11-06;1996-11-28;110,37
10344;WHITC;4;1996-11-01;1996-11-05;1996-11-29;23,29
10345;QUICK;2;1996-11-04;1996-11-11;1996-12-02;249,06
10346;RATTC;3;1996-11-05;1996-11-08;1996-12-17;142,08
10347;FAMIA;4;1996-11-06;1996-11-08;1996-12-04;3,10
10348;WANDK;4;1996-11-07;1996-11-15;1996-12-05;0,78
10349;SPLIR;7;1996-11-08;1996-11-15;1996-12-06;8,63
10350;LAMAI;6;1996-11-11;1996-12-03;1996-12-09;64,19
10351;ERNSH;1;1996-11-11;1996-11-20;1996-12-09;162,33
10352;FURIB;3;1996-11-12;1996-11-18;1996-11-26;1,30
10353;PICCO;7;1996-11-13;1996-11-25;1996-12-11;360,63
10354;PERIC;8;1996-11-14;1996-11-20;1996-12-12;53,80
10355;AROUT;6;1996-11-15;1996-11-20;1996-12-13;41,95
10356;WANDK;6;1996-11-18;1996-11-27;1996-12-16;36,71
10357;LILAS;1;1996-11-19;1996-12-02;1996-12-17;34,88
10358;LAMAI;5;1996-11-20;1996-11-27;1996-12-18;19,64
10359;SEVES;5;1996-11-21;1996-11-26;1996-12-19;288,43
10360;BLONP;4;1996-11-22;1996-12-02;1996-12-20;131,70
10361;QUICK;1;1996-11-22;1996-12-03;1996-12-20;183,17
10362;BONAP;3;1996-11-25;1996-11-28;1996-12-23;96,04
10363;DRACD;4;1996-11-26;1996-12-04;1996-12-24;30,54
10364;EASTC;1;1996-11-26;1996-12-04;1997-01-07;71,97
10365;ANTON;3;1996-11-27;1996-12-02;1996-12-25;22,00
10366;GALED;8;1996-11-28;1996-12-30;1997-01-09;10,14
10367;VAFFE;7;1996-11-28;1996-12-02;1996-12-26;13,55
10368;ERNSH;2;1996-11-29;1996-12-02;1996-12-27;101,95
10369;SPLIR;8;1996-12-02;1996-12-09;1996-12-30;195,68
10370;CHOPS;6;1996-12-03;1996-12-27;1996-12-31;1,17
10371;LAMAI;1;1996-12-03;1996-12-24;1996-12-31;0,45
10372;QUEEN;5;1996-12-04;1996-12-09;1997-01-01;890,78
10373;HUNGO;4;1996-12-05;1996-12-11;1997-01-02;124,12
10374;WOLZA;1;1996-12-05;1996-12-09;1997-01-02;3,94
10375;HUNGC;3;1996-12-06;1996-12-09;1997-01-03;20,12
10376;MEREP;1;1996-12-09;1996-12-13;1997-01-06;20,39
10377;SEVES;1;1996-12-09;1996-12-13;1997-01-06;22,21
10378;FOLKO;5;1996-12-10;1996-12-19;1997-01-07;5,44
10379;QUEDE;2;1996-12-11;1996-12-13;1997-01-08;45,03
10380;HUNGO;8;1996-12-12;1997-01-16;1997-01-09;35,03
10381;LILAS;3;1996-12-12;1996-12-13;1997-01-09;7,99
10382;ERNSH;4;1996-12-13;1996-12-16;1997-01-10;94,77
10383;AROUT;8;1996-12-16;1996-12-18;1997-01-13;34,24
10384;BERGS;3;1996-12-16;1996-12-20;1997-01-13;168,64
10385;SPLIR;1;1996-12-17;1996-12-23;1997-01-14;30,96
10386;FAMIA;9;1996-12-18;1996-12-25;1997-01-01;13,99
10387;SANTG;1;1996-12-18;1996-12-20;1997-01-15;93,63
10388;SEVES;2;1996-12-19;1996-12-20;1997-01-16;34,86
10389;BOTTM;4;1996-12-20;1996-12-24;1997-01-17;47,42
10390;ERNSH;6;1996-12-23;1996-12-26;1997-01-20;126,38
10391;DRACD;3;1996-12-23;1996-12-31;1997-01-20;5,45
10392;PICCO;2;1996-12-24;1997-01-01;1997-01-21;122,46
10393;SAVEA;1;1996-12-25;1997-01-03;1997-01-22;126,56
10394;HUNGC;1;1996-12-25;1997-01-03;1997-01-22;30,34
10395;HILAA;6;1996-12-26;1997-01-03;1997-01-23;184,41
10396;FRANK;1;1996-12-27;1997-01-06;1997-01-10;135,35
10397;PRINI;5;1996-12-27;1997-01-02;1997-01-24;60,26
10398;SAVEA;2;1996-12-30;1997-01-09;1997-01-27;89,16
10399;VAFFE;8;1996-12-31;1997-01-08;1997-01-14;27,36
10400;EASTC;1;1997-01-01;1997-01-16;1997-01-29;83,93
10401;RATTC;1;1997-01-01;1997-01-10;1997-01-29;12,51
10402;ERNSH;8;1997-01-02;1997-01-10;1997-02-13;67,88
10403;ERNSH;4;1997-01-03;1997-01-09;1997-01-31;73,79
10404;MAGAA;2;1997-01-03;1997-01-08;1997-01-31;155,97
10405;LINOD;1;1997-01-06;1997-01-22;1997-02-03;34,82
10406;QUEEN;7;1997-01-07;1997-01-13;1997-02-18;108,04
10407;OTTIK;2;1997-01-07;1997-01-30;1997-02-04;91,48
10408;FOLIG;8;1997-01-08;1997-01-14;1997-02-05;11,26
10409;OCEAN;3;1997-01-09;1997-01-14;1997-02-06;29,83
10410;BOTTM;3;1997-01-10;1997-01-15;1997-02-07;2,40
10411;BOTTM;9;1997-01-10;1997-01-21;1997-02-07;23,65
10412;WARTH;8;1997-01-13;1997-01-15;1997-02-10;3,77
10413;LAMAI;3;1997-01-14;1997-01-16;1997-02-11;95,66
10414;FAMIA;2;1997-01-14;1997-01-17;1997-02-11;21,48
10415;HUNGC;3;1997-01-15;1997-01-24;1997-02-12;0,20
10416;WARTH;8;1997-01-16;1997-01-27;1997-02-13;22,72
10417;SIMOB;4;1997-01-16;1997-01-28;1997-02-13;70,29
10418;QUICK;4;1997-01-17;1997-01-24;1997-02-14;17,55
10419;RICSU;4;1997-01-20;1997-01-30;1997-02-17;137,35
10420;WELLI;3;1997-01-21;1997-01-27;1997-02-18;44,12
10421;QUEDE;8;1997-01-21;1997-01-27;1997-03-04;99,23
10422;FRANS;2;1997-01-22;1997-01-31;1997-02-19;3,02
10423;GOURL;6;1997-01-23;1997-02-24;1997-02-06;24,50
10424;MEREP;7;1997-01-23;1997-01-27;1997-02-20;370,61
10425;LAMAI;6;1997-01-24;1997-02-14;1997-02-21;7,93
10426;GALED;4;1997-01-27;1997-02-06;1997-02-24;18,69
10427;PICCO;4;1997-01-27;1997-03-03;1997-02-24;31,29
10428;REGGC;7;1997-01-28;1997-02-04;1997-02-25;11,09
10429;HUNGO;3;1997-01-29;1997-02-07;1997-03-12;56,63
10430;ERNSH;4;1997-01-30;1997-02-03;1997-02-13;458,78
10431;BOTTM;4;1997-01-30;1997-02-07;1997-02-13;44,17
10432;SPLIR;3;1997-01-31;1997-02-07;1997-02-14;4,34
10433;PRINI;3;1997-02-03;1997-03-04;1997-03-03;73,83
10434;FOLKO;3;1997-02-03;1997-02-13;1997-03-03;17,92
10435;CONSH;8;1997-02-04;1997-02-07;1997-03-18;9,21
10436;BLONP;3;1997-02-05;1997-02-11;1997-03-05;156,66
10437;WARTH;8;1997-02-05;1997-02-12;1997-03-05;19,97
10438;TOMSP;3;1997-02-06;1997-02-14;1997-03-06;8,24
10439;MEREP;6;1997-02-07;1997-02-10;1997-03-07;4,07
10440;SAVEA;4;1997-02-10;1997-02-28;1997-03-10;86,53
10441;OLDWO;3;1997-02-10;1997-03-14;1997-03-24;73,02
10442;ERNSH;3;1997-02-11;1997-02-18;1997-03-11;47,94
10443;REGGC;8;1997-02-12;1997-02-14;1997-03-12;13,95
10444;BERGS;3;1997-02-12;1997-02-21;1997-03-12;3,50
10445;BERGS;3;1997-02-13;1997-02-20;1997-03-13;9,30
10446;TOMSP;6;1997-02-14;1997-02-19;1997-03-14;14,68
10447;RICAR;4;1997-02-14;1997-03-07;1997-03-14;68,66
10448;RANCH;4;1997-02-17;1997-02-24;1997-03-17;38,82
10449;BLONP;3;1997-02-18;1997-02-27;1997-03-18;53,30
10450;VICTE;8;1997-02-19;1997-03-11;1997-03-19;7,23
10451;QUICK;4;1997-02-19;1997-03-12;1997-03-05;189,09
10452;SAVEA;8;1997-02-20;1997-02-26;1997-03-20;140,26
10453;AROUT;1;1997-02-21;1997-02-26;1997-03-21;25,36
10454;LAMAI;4;1997-02-21;1997-02-25;1997-03-21;2,74
10455;WARTH;8;1997-02-24;1997-03-03;1997-04-07;180,45
10456;KOENE;8;1997-02-25;1997-02-28;1997-04-08;8,12
10457;KOENE;2;1997-02-25;1997-03-03;1997-03-25;11,57
10458;SUPRD;7;1997-02-26;1997-03-04;1997-03-26;147,06
10459;VICTE;4;1997-02-27;1997-02-28;1997-03-27;25,09
10460;FOLKO;8;1997-02-28;1997-03-03;1997-03-28;16,27
10461;LILAS;1;1997-02-28;1997-03-05;1997-03-28;148,61
10462;CONSH;2;1997-03-03;1997-03-18;1997-03-31;6,17
10463;SUPRD;5;1997-03-04;1997-03-06;1997-04-01;14,78
10464;FURIB;4;1997-03-04;1997-03-14;1997-04-01;89,00
10465;VAFFE;1;1997-03-05;1997-03-14;1997-04-02;145,04
10466;COMMI;4;1997-03-06;1997-03-13;1997-04-03;11,93
10467;MAGAA;8;1997-03-06;1997-03-11;1997-04-03;4,93
10468;KOENE;3;1997-03-07;1997-03-12;1997-04-04;44,12
10469;WHITC;1;1997-03-10;1997-03-14;1997-04-07;60,18
10470;BONAP;4;1997-03-11;1997-03-14;1997-04-08;64,56
10471;BSBEV;2;1997-03-11;1997-03-18;1997-04-08;45,59
10472;SEVES;8;1997-03-12;1997-03-19;1997-04-09;4,20
10473;ISLAT;1;1997-03-13;1997-03-21;1997-03-27;16,37
10474;PERIC;5;1997-03-13;1997-03-21;1997-04-10;83,49
10475;SUPRD;9;1997-03-14;1997-04-04;1997-04-11;68,52
10476;HILAA;8;1997-03-17;1997-03-24;1997-04-14;4,41
10477;PRINI;5;1997-03-17;1997-03-25;1997-04-14;13,02
10478;VICTE;2;1997-03-18;1997-03-26;1997-04-01;4,81
10479;RATTC;3;1997-03-19;1997-03-21;1997-04-16;708,95
10480;FOLIG;6;1997-03-20;1997-03-24;1997-04-17;1,35
10481;RICAR;8;1997-03-20;1997-03-25;1997-04-17;64,33
10482;LAZYK;1;1997-03-21;1997-04-10;1997-04-18;7,48
10483;WHITC;7;1997-03-24;1997-04-25;1997-04-21;15,28
10484;BSBEV;3;1997-03-24;1997-04-01;1997-04-21;6,88
10485;LINOD;4;1997-03-25;1997-03-31;1997-04-08;64,45
10486;HILAA;1;1997-03-26;1997-04-02;1997-04-23;30,53
10487;QUEEN;2;1997-03-26;1997-03-28;1997-04-23;71,07
10488;FRANK;8;1997-03-27;1997-04-02;1997-04-24;4,93
10489;PICCO;6;1997-03-28;1997-04-09;1997-04-25;5,29
10490;HILAA;7;1997-03-31;1997-04-03;1997-04-28;210,19
10491;FURIB;8;1997-03-31;1997-04-08;1997-04-28;16,96
10492;BOTTM;3;1997-04-01;1997-04-11;1997-04-29;62,89
10493;LAMAI;4;1997-04-02;1997-04-10;1997-04-30;10,64
10494;COMMI;4;1997-04-02;1997-04-09;1997-04-30;65,99
10495;LAUGB;3;1997-04-03;1997-04-11;1997-05-01;4,65
10496;TRADH;7;1997-04-04;1997-04-07;1997-05-02;46,77
10497;LEHMS;7;1997-04-04;1997-04-07;1997-05-02;36,21
10498;HILAA;8;1997-04-07;1997-04-11;1997-05-05;29,75
10499;LILAS;4;1997-04-08;1997-04-16;1997-05-06;102,02
10500;LAMAI;6;1997-04-09;1997-04-17;1997-05-07;42,68
10501;BLAUS;9;1997-04-09;1997-04-16;1997-05-07;8,85
10502;PERIC;2;1997-04-10;1997-04-29;1997-05-08;69,32
10503;HUNGO;6;1997-04-11;1997-04-16;1997-05-09;16,74
10504;WHITC;4;1997-04-11;1997-04-18;1997-05-09;59,13
10505;MEREP;3;1997-04-14;1997-04-21;1997-05-12;7,13
10506;KOENE;9;1997-04-15;1997-05-02;1997-05-13;21,19
10507;ANTON;7;1997-04-15;1997-04-22;1997-05-13;47,45
10508;OTTIK;1;1997-04-16;1997-05-13;1997-05-14;4,99
10509;BLAUS;4;1997-04-17;1997-04-29;1997-05-15;0,15
10510;SAVEA;6;1997-04-18;1997-04-28;1997-05-16;367,63
10511;BONAP;4;1997-04-18;1997-04-21;1997-05-16;350,64
10512;FAMIA;7;1997-04-21;1997-04-24;1997-05-19;3,53
10513;WANDK;7;1997-04-22;1997-04-28;1997-06-03;105,65
10514;ERNSH;3;1997-04-22;1997-05-16;1997-05-20;789,95
10515;QUICK;2;1997-04-23;1997-05-23;1997-05-07;204,47
10516;HUNGO;2;1997-04-24;1997-05-01;1997-05-22;62,78
10517;NORTS;3;1997-04-24;1997-04-29;1997-05-22;32,07
10518;TORTU;4;1997-04-25;1997-05-05;1997-05-09;218,15
10519;CHOPS;6;1997-04-28;1997-05-01;1997-05-26;91,76
10520;SANTG;7;1997-04-29;1997-05-01;1997-05-27;13,37
10521;CACTU;8;1997-04-29;1997-05-02;1997-05-27;17,22
10522;LEHMS;4;1997-04-30;1997-05-06;1997-05-28;45,33
10523;SEVES;7;1997-05-01;1997-05-30;1997-05-29;77,63
10524;BERGS;1;1997-05-01;1997-05-07;1997-05-29;244,79
10525;BONAP;1;1997-05-02;1997-05-23;1997-05-30;11,06
10526;WARTH;4;1997-05-05;1997-05-15;1997-06-02;58,59
10527;QUICK;7;1997-05-05;1997-05-07;1997-06-02;41,90
10528;GREAL;6;1997-05-06;1997-05-09;1997-05-20;3,35
10529;MAISD;5;1997-05-07;1997-05-09;1997-06-04;66,69
10530;PICCO;3;1997-05-08;1997-05-12;1997-06-05;339,22
10531;OCEAN;7;1997-05-08;1997-05-19;1997-06-05;8,12
10532;EASTC;7;1997-05-09;1997-05-12;1997-06-06;74,46
10533;FOLKO;8;1997-05-12;1997-05-22;1997-06-09;188,04
10534;LEHMS;8;1997-05-12;1997-05-14;1997-06-09;27,94
10535;ANTON;4;1997-05-13;1997-05-21;1997-06-10;15,64
10536;LEHMS;3;1997-05-14;1997-06-06;1997-06-11;58,88
10537;RICSU;1;1997-05-14;1997-05-19;1997-05-28;78,85
10538;BSBEV;9;1997-05-15;1997-05-16;1997-06-12;4,87
10539;BSBEV;6;1997-05-16;1997-05-23;1997-06-13;12,36
10540;QUICK;3;1997-05-19;1997-06-13;1997-06-16;1007,64
10541;HANAR;2;1997-05-19;1997-05-29;1997-06-16;68,65
10542;KOENE;1;1997-05-20;1997-05-26;1997-06-17;10,95
10543;LILAS;8;1997-05-21;1997-05-23;1997-06-18;48,17
10544;LONEP;4;1997-05-21;1997-05-30;1997-06-18;24,91
10545;LAZYK;8;1997-05-22;1997-06-26;1997-06-19;11,92
10546;VICTE;1;1997-05-23;1997-05-27;1997-06-20;194,72
10547;SEVES;3;1997-05-23;1997-06-02;1997-06-20;178,43
10548;TOMSP;3;1997-05-26;1997-06-02;1997-06-23;1,43
10549;QUICK;5;1997-05-27;1997-05-30;1997-06-10;171,24
10550;GODOS;7;1997-05-28;1997-06-06;1997-06-25;4,32
10551;FURIB;4;1997-05-28;1997-06-06;1997-07-09;72,95
10552;HILAA;2;1997-05-29;1997-06-05;1997-06-26;83,22
10553;WARTH;2;1997-05-30;1997-06-03;1997-06-27;149,49
10554;OTTIK;4;1997-05-30;1997-06-05;1997-06-27;120,97
10555;SAVEA;6;1997-06-02;1997-06-04;1997-06-30;252,49
10556;SIMOB;2;1997-06-03;1997-06-13;1997-07-15;9,80
10557;LEHMS;9;1997-06-03;1997-06-06;1997-06-17;96,72
10558;AROUT;1;1997-06-04;1997-06-10;1997-07-02;72,97
10559;BLONP;6;1997-06-05;1997-06-13;1997-07-03;8,05
10560;FRANK;8;1997-06-06;1997-06-09;1997-07-04;36,65
10561;FOLKO;2;1997-06-06;1997-06-09;1997-07-04;242,21
10562;REGGC;1;1997-06-09;1997-06-12;1997-07-07;22,95
10563;RICAR;2;1997-06-10;1997-06-24;1997-07-22;60,43
10564;RATTC;4;1997-06-10;1997-06-16;1997-07-08;13,75
10565;MEREP;8;1997-06-11;1997-06-18;1997-07-09;7,15
10566;BLONP;9;1997-06-12;1997-06-18;1997-07-10;88,40
10567;HUNGO;1;1997-06-12;1997-06-17;1997-07-10;33,97
10568;GALED;3;1997-06-13;1997-07-09;1997-07-11;6,54
10569;RATTC;5;1997-06-16;1997-07-11;1997-07-14;58,98
10570;MEREP;3;1997-06-17;1997-06-19;1997-07-15;188,99
10571;ERNSH;8;1997-06-17;1997-07-04;1997-07-29;26,06
10572;BERGS;3;1997-06-18;1997-06-25;1997-07-16;116,43
10573;ANTON;7;1997-06-19;1997-06-20;1997-07-17;84,84
10574;TRAIH;4;1997-06-19;1997-06-30;1997-07-17;37,60
10575;MORGK;5;1997-06-20;1997-06-30;1997-07-04;127,34
10576;TORTU;3;1997-06-23;1997-06-30;1997-07-07;18,56
10577;TRAIH;9;1997-06-23;1997-06-30;1997-08-04;25,41
10578;BSBEV;4;1997-06-24;1997-07-25;1997-07-22;29,60
10579;LETSS;1;1997-06-25;1997-07-04;1997-07-23;13,73
10580;OTTIK;4;1997-06-26;1997-07-01;1997-07-24;75,89
10581;FAMIA;3;1997-06-26;1997-07-02;1997-07-24;3,01
10582;BLAUS;3;1997-06-27;1997-07-14;1997-07-25;27,71
10583;WARTH;2;1997-06-30;1997-07-04;1997-07-28;7,28
10584;BLONP;4;1997-06-30;1997-07-04;1997-07-28;59,14
10585;WELLI;7;1997-07-01;1997-07-10;1997-07-29;13,41
10586;REGGC;9;1997-07-02;1997-07-09;1997-07-30;0,48
10587;QUEDE;1;1997-07-02;1997-07-09;1997-07-30;62,52
10588;QUICK;2;1997-07-03;1997-07-10;1997-07-31;194,67
10589;GREAL;8;1997-07-04;1997-07-14;1997-08-01;4,42
10590;MEREP;4;1997-07-07;1997-07-14;1997-08-04;44,77
10591;VAFFE;1;1997-07-07;1997-07-16;1997-07-21;55,92
10592;LEHMS;3;1997-07-08;1997-07-16;1997-08-05;32,10
10593;LEHMS;7;1997-07-09;1997-08-13;1997-08-06;174,20
10594;OLDWO;3;1997-07-09;1997-07-16;1997-08-06;5,24
10595;ERNSH;2;1997-07-10;1997-07-14;1997-08-07;96,78
10596;WHITC;8;1997-07-11;1997-08-12;1997-08-08;16,34
10597;PICCO;7;1997-07-11;1997-07-18;1997-08-08;35,12
10598;RATTC;1;1997-07-14;1997-07-18;1997-08-11;44,42
10599;BSBEV;6;1997-07-15;1997-07-21;1997-08-26;29,98
10600;HUNGC;4;1997-07-16;1997-07-21;1997-08-13;45,13
10601;HILAA;7;1997-07-16;1997-07-22;1997-08-27;58,30
10602;VAFFE;8;1997-07-17;1997-07-22;1997-08-14;2,92
10603;SAVEA;8;1997-07-18;1997-08-08;1997-08-15;48,77
10604;FURIB;1;1997-07-18;1997-07-29;1997-08-15;7,46
10605;MEREP;1;1997-07-21;1997-07-29;1997-08-18;379,13
10606;TRADH;4;1997-07-22;1997-07-31;1997-08-19;79,40
10607;SAVEA;5;1997-07-22;1997-07-25;1997-08-19;200,24
10608;TOMSP;4;1997-07-23;1997-08-01;1997-08-20;27,79
10609;DUMON;7;1997-07-24;1997-07-30;1997-08-21;1,85
10610;LAMAI;8;1997-07-25;1997-08-06;1997-08-22;26,78
10611;WOLZA;6;1997-07-25;1997-08-01;1997-08-22;80,65
10612;SAVEA;1;1997-07-28;1997-08-01;1997-08-25;544,08
10613;HILAA;4;1997-07-29;1997-08-01;1997-08-26;8,11
10614;BLAUS;8;1997-07-29;1997-08-01;1997-08-26;1,93
10615;WILMK;2;1997-07-30;1997-08-06;1997-08-27;0,75
10616;GREAL;1;1997-07-31;1997-08-05;1997-08-28;116,53
10617;GREAL;4;1997-07-31;1997-08-04;1997-08-28;18,53
10618;MEREP;1;1997-08-01;1997-08-08;1997-09-12;154,68
10619;MEREP;3;1997-08-04;1997-08-07;1997-09-01;91,05
10620;LAUGB;2;1997-08-05;1997-08-14;1997-09-02;0,94
10621;ISLAT;4;1997-08-05;1997-08-11;1997-09-02;23,73
10622;RICAR;4;1997-08-06;1997-08-11;1997-09-03;50,97
10623;FRANK;8;1997-08-07;1997-08-12;1997-09-04;97,18
10624;THECR;4;1997-08-07;1997-08-19;1997-09-04;94,80
10625;ANATR;3;1997-08-08;1997-08-14;1997-09-05;43,90
10626;BERGS;1;1997-08-11;1997-08-20;1997-09-08;138,69
10627;SAVEA;8;1997-08-11;1997-08-21;1997-09-22;107,46
10628;BLONP;4;1997-08-12;1997-08-20;1997-09-09;30,36
10629;GODOS;4;1997-08-12;1997-08-20;1997-09-09;85,46
10630;KOENE;1;1997-08-13;1997-08-19;1997-09-10;32,35
10631;LAMAI;8;1997-08-14;1997-08-15;1997-09-11;0,87
10632;WANDK;8;1997-08-14;1997-08-19;1997-09-11;41,38
10633;ERNSH;7;1997-08-15;1997-08-18;1997-09-12;477,90
10634;FOLIG;4;1997-08-15;1997-08-21;1997-09-12;487,38
10635;MAGAA;8;1997-08-18;1997-08-21;1997-09-15;47,46
10636;WARTH;4;1997-08-19;1997-08-26;1997-09-16;1,15
10637;QUEEN;6;1997-08-19;1997-08-26;1997-09-16;201,29
10638;LINOD;3;1997-08-20;1997-09-01;1997-09-17;158,44
10639;SANTG;7;1997-08-20;1997-08-27;1997-09-17;38,64
10640;WANDK;4;1997-08-21;1997-08-28;1997-09-18;23,55
10641;HILAA;4;1997-08-22;1997-08-26;1997-09-19;179,61
10642;SIMOB;7;1997-08-22;1997-09-05;1997-09-19;41,89
10643;ALFKI;6;1997-08-25;1997-09-02;1997-09-22;29,46
10644;WELLI;3;1997-08-25;1997-09-01;1997-09-22;0,14
10645;HANAR;4;1997-08-26;1997-09-02;1997-09-23;12,41
10646;HUNGO;9;1997-08-27;1997-09-03;1997-10-08;142,33
10647;QUEDE;4;1997-08-27;1997-09-03;1997-09-10;45,54
10648;RICAR;5;1997-08-28;1997-09-09;1997-10-09;14,25
10649;MAISD;5;1997-08-28;1997-08-29;1997-09-25;6,20
10650;FAMIA;5;1997-08-29;1997-09-03;1997-09-26;176,81
10651;WANDK;8;1997-09-01;1997-09-11;1997-09-29;20,60
10652;GOURL;4;1997-09-01;1997-09-08;1997-09-29;7,14
10653;FRANK;1;1997-09-02;1997-09-19;1997-09-30;93,25
10654;BERGS;5;1997-09-02;1997-09-11;1997-09-30;55,26
10655;REGGC;1;1997-09-03;1997-09-11;1997-10-01;4,41
10656;GREAL;6;1997-09-04;1997-09-10;1997-10-02;57,15
10657;SAVEA;2;1997-09-04;1997-09-15;1997-10-02;352,69
10658;QUICK;4;1997-09-05;1997-09-08;1997-10-03;364,15
10659;QUEEN;7;1997-09-05;1997-09-10;1997-10-03;105,81
10660;HUNGC;8;1997-09-08;1997-10-15;1997-10-06;111,29
10661;HUNGO;7;1997-09-09;1997-09-15;1997-10-07;17,55
10662;LONEP;3;1997-09-09;1997-09-18;1997-10-07;1,28
10663;BONAP;2;1997-09-10;1997-10-03;1997-09-24;113,15
10664;FURIB;1;1997-09-10;1997-09-19;1997-10-08;1,27
10665;LONEP;1;1997-09-11;1997-09-17;1997-10-09;26,31
10666;RICSU;7;1997-09-12;1997-09-22;1997-10-10;232,42
10667;ERNSH;7;1997-09-12;1997-09-19;1997-10-10;78,09
10668;WANDK;1;1997-09-15;1997-09-23;1997-10-13;47,22
10669;SIMOB;2;1997-09-15;1997-09-22;1997-10-13;24,39
10670;FRANK;4;1997-09-16;1997-09-18;1997-10-14;203,48
10671;FRANR;1;1997-09-17;1997-09-24;1997-10-15;30,34
10672;BERGS;9;1997-09-17;1997-09-26;1997-10-01;95,75
10673;WILMK;2;1997-09-18;1997-09-19;1997-10-16;22,76
10674;ISLAT;4;1997-09-18;1997-09-30;1997-10-16;0,90
10675;FRANK;5;1997-09-19;1997-09-23;1997-10-17;31,85
10676;TORTU;2;1997-09-22;1997-09-29;1997-10-20;2,01
10677;ANTON;1;1997-09-22;1997-09-26;1997-10-20;4,03
10678;SAVEA;7;1997-09-23;1997-10-16;1997-10-21;388,98
10679;BLONP;8;1997-09-23;1997-09-30;1997-10-21;27,94
10680;OLDWO;1;1997-09-24;1997-09-26;1997-10-22;26,61
10681;GREAL;3;1997-09-25;1997-09-30;1997-10-23;76,13
10682;ANTON;3;1997-09-25;1997-10-01;1997-10-23;36,13
10683;DUMON;2;1997-09-26;1997-10-01;1997-10-24;4,40
10684;OTTIK;3;1997-09-26;1997-09-30;1997-10-24;145,63
10685;GOURL;4;1997-09-29;1997-10-03;1997-10-13;33,75
10686;PICCO;2;1997-09-30;1997-10-08;1997-10-28;96,50
10687;HUNGO;9;1997-09-30;1997-10-30;1997-10-28;296,43
10688;VAFFE;4;1997-10-01;1997-10-07;1997-10-15;299,09
10689;BERGS;1;1997-10-01;1997-10-07;1997-10-29;13,42
10690;HANAR;1;1997-10-02;1997-10-03;1997-10-30;15,80
10691;QUICK;2;1997-10-03;1997-10-22;1997-11-14;810,05
10692;ALFKI;4;1997-10-03;1997-10-13;1997-10-31;61,02
10693;WHITC;3;1997-10-06;1997-10-10;1997-10-20;139,34
10694;QUICK;8;1997-10-06;1997-10-09;1997-11-03;398,36
10695;WILMK;7;1997-10-07;1997-10-14;1997-11-18;16,72
10696;WHITC;8;1997-10-08;1997-10-14;1997-11-19;102,55
10697;LINOD;3;1997-10-08;1997-10-14;1997-11-05;45,52
10698;ERNSH;4;1997-10-09;1997-10-17;1997-11-06;272,47
10699;MORGK;3;1997-10-09;1997-10-13;1997-11-06;0,58
10700;SAVEA;3;1997-10-10;1997-10-16;1997-11-07;65,10
10701;HUNGO;6;1997-10-13;1997-10-15;1997-10-27;220,31
10702;ALFKI;4;1997-10-13;1997-10-21;1997-11-24;23,94
10703;FOLKO;6;1997-10-14;1997-10-20;1997-11-11;152,30
10704;QUEEN;6;1997-10-14;1997-11-07;1997-11-11;4,78
10705;HILAA;9;1997-10-15;1997-11-18;1997-11-12;3,52
10706;OLDWO;8;1997-10-16;1997-10-21;1997-11-13;135,63
10707;AROUT;4;1997-10-16;1997-10-23;1997-10-30;21,74
10708;THEBI;6;1997-10-17;1997-11-05;1997-11-28;2,96
10709;GOURL;1;1997-10-17;1997-11-20;1997-11-14;210,80
10710;FRANS;1;1997-10-20;1997-10-23;1997-11-17;4,98
10711;SAVEA;5;1997-10-21;1997-10-29;1997-12-02;52,41
10712;HUNGO;3;1997-10-21;1997-10-31;1997-11-18;89,93
10713;SAVEA;1;1997-10-22;1997-10-24;1997-11-19;167,05
10714;SAVEA;5;1997-10-22;1997-10-27;1997-11-19;24,49
10715;BONAP;3;1997-10-23;1997-10-29;1997-11-06;63,20
10716;RANCH;4;1997-10-24;1997-10-27;1997-11-21;22,57
10717;FRANK;1;1997-10-24;1997-10-29;1997-11-21;59,25
10718;KOENE;1;1997-10-27;1997-10-29;1997-11-24;170,88
10719;LETSS;8;1997-10-27;1997-11-05;1997-11-24;51,44
10720;QUEDE;8;1997-10-28;1997-11-05;1997-11-11;9,53
10721;QUICK;5;1997-10-29;1997-10-31;1997-11-26;48,92
10722;SAVEA;8;1997-10-29;1997-11-04;1997-12-10;74,58
10723;WHITC;3;1997-10-30;1997-11-25;1997-11-27;21,72
10724;MEREP;8;1997-10-30;1997-11-05;1997-12-11;57,75
10725;FAMIA;4;1997-10-31;1997-11-05;1997-11-28;10,83
10726;EASTC;4;1997-11-03;1997-12-05;1997-11-17;16,56
10727;REGGC;2;1997-11-03;1997-12-05;1997-12-01;89,90
10728;QUEEN;4;1997-11-04;1997-11-11;1997-12-02;58,33
10729;LINOD;8;1997-11-04;1997-11-14;1997-12-16;141,06
10730;BONAP;5;1997-11-05;1997-11-14;1997-12-03;20,12
10731;CHOPS;7;1997-11-06;1997-11-14;1997-12-04;96,65
10732;BONAP;3;1997-11-06;1997-11-07;1997-12-04;16,97
10733;BERGS;1;1997-11-07;1997-11-10;1997-12-05;110,11
10734;GOURL;2;1997-11-07;1997-11-12;1997-12-05;1,63
10735;LETSS;6;1997-11-10;1997-11-21;1997-12-08;45,97
10736;HUNGO;9;1997-11-11;1997-11-21;1997-12-09;44,10
10737;VINET;2;1997-11-11;1997-11-18;1997-12-09;7,79
10738;SPECD;2;1997-11-12;1997-11-18;1997-12-10;2,91
10739;VINET;3;1997-11-12;1997-11-17;1997-12-10;11,08
10740;WHITC;4;1997-11-13;1997-11-25;1997-12-11;81,88
10741;AROUT;4;1997-11-14;1997-11-18;1997-11-28;10,96
10742;BOTTM;3;1997-11-14;1997-11-18;1997-12-12;243,73
10743;AROUT;1;1997-11-17;1997-11-21;1997-12-15;23,72
10744;VAFFE;6;1997-11-17;1997-11-24;1997-12-15;69,19
10745;QUICK;9;1997-11-18;1997-11-27;1997-12-16;3,52
10746;CHOPS;1;1997-11-19;1997-11-21;1997-12-17;31,43
10747;PICCO;6;1997-11-19;1997-11-26;1997-12-17;117,33
10748;SAVEA;3;1997-11-20;1997-11-28;1997-12-18;232,55
10749;ISLAT;4;1997-11-20;1997-12-19;1997-12-18;61,53
10750;WARTH;9;1997-11-21;1997-11-24;1997-12-19;79,30
10751;RICSU;3;1997-11-24;1997-12-03;1997-12-22;130,79
10752;NORTS;2;1997-11-24;1997-11-28;1997-12-22;1,39
10753;FRANS;3;1997-11-25;1997-11-27;1997-12-23;7,70
10754;MAGAA;6;1997-11-25;1997-11-27;1997-12-23;2,38
10755;BONAP;4;1997-11-26;1997-11-28;1997-12-24;16,71
10756;SPLIR;8;1997-11-27;1997-12-02;1997-12-25;73,21
10757;SAVEA;6;1997-11-27;1997-12-15;1997-12-25;8,19
10758;RICSU;3;1997-11-28;1997-12-04;1997-12-26;138,17
10759;ANATR;3;1997-11-28;1997-12-12;1997-12-26;11,99
10760;MAISD;4;1997-12-01;1997-12-10;1997-12-29;155,64
10761;RATTC;5;1997-12-02;1997-12-08;1997-12-30;18,66
10762;FOLKO;3;1997-12-02;1997-12-09;1997-12-30;328,74
10763;FOLIG;3;1997-12-03;1997-12-08;1997-12-31;37,35
10764;ERNSH;6;1997-12-03;1997-12-08;1997-12-31;145,45
10765;QUICK;3;1997-12-04;1997-12-09;1998-01-01;42,74
10766;OTTIK;4;1997-12-05;1997-12-09;1998-01-02;157,55
10767;SUPRD;4;1997-12-05;1997-12-15;1998-01-02;1,59
10768;AROUT;3;1997-12-08;1997-12-15;1998-01-05;146,32
10769;VAFFE;3;1997-12-08;1997-12-12;1998-01-05;65,06
10770;HANAR;8;1997-12-09;1997-12-17;1998-01-06;5,32
10771;ERNSH;9;1997-12-10;1998-01-02;1998-01-07;11,19
10772;LEHMS;3;1997-12-10;1997-12-19;1998-01-07;91,28
10773;ERNSH;1;1997-12-11;1997-12-16;1998-01-08;96,43
10774;FOLKO;4;1997-12-11;1997-12-12;1997-12-25;48,20
10775;THECR;7;1997-12-12;1997-12-26;1998-01-09;20,25
10776;ERNSH;1;1997-12-15;1997-12-18;1998-01-12;351,53
10777;GOURL;7;1997-12-15;1998-01-21;1997-12-29;3,01
10778;BERGS;3;1997-12-16;1997-12-24;1998-01-13;6,79
10779;MORGK;3;1997-12-16;1998-01-14;1998-01-13;58,13
10780;LILAS;2;1997-12-16;1997-12-25;1997-12-30;42,13
10781;WARTH;2;1997-12-17;1997-12-19;1998-01-14;73,16
10782;CACTU;9;1997-12-17;1997-12-22;1998-01-14;1,10
10783;HANAR;4;1997-12-18;1997-12-19;1998-01-15;124,98
10784;MAGAA;4;1997-12-18;1997-12-22;1998-01-15;70,09
10785;GROSR;1;1997-12-18;1997-12-24;1998-01-15;1,51
10786;QUEEN;8;1997-12-19;1997-12-23;1998-01-16;110,87
10787;LAMAI;2;1997-12-19;1997-12-26;1998-01-02;249,93
10788;QUICK;1;1997-12-22;1998-01-19;1998-01-19;42,70
10789;FOLIG;1;1997-12-22;1997-12-31;1998-01-19;100,60
10790;GOURL;6;1997-12-22;1997-12-26;1998-01-19;28,23
10791;FRANK;6;1997-12-23;1998-01-01;1998-01-20;16,85
10792;WOLZA;1;1997-12-23;1997-12-31;1998-01-20;23,79
10793;AROUT;3;1997-12-24;1998-01-08;1998-01-21;4,52
10794;QUEDE;6;1997-12-24;1998-01-02;1998-01-21;21,49
10795;ERNSH;8;1997-12-24;1998-01-20;1998-01-21;126,66
10796;HILAA;3;1997-12-25;1998-01-14;1998-01-22;26,52
10797;DRACD;7;1997-12-25;1998-01-05;1998-01-22;33,35
10798;ISLAT;2;1997-12-26;1998-01-05;1998-01-23;2,33
10799;KOENE;9;1997-12-26;1998-01-05;1998-02-06;30,76
10800;SEVES;1;1997-12-26;1998-01-05;1998-01-23;137,44
10801;BOLID;4;1997-12-29;1997-12-31;1998-01-26;97,09
10802;SIMOB;4;1997-12-29;1998-01-02;1998-01-26;257,26
10803;WELLI;4;1997-12-30;1998-01-06;1998-01-27;55,23
10804;SEVES;6;1997-12-30;1998-01-07;1998-01-27;27,33
10805;THEBI;2;1997-12-30;1998-01-09;1998-01-27;237,34
10806;VICTE;3;1997-12-31;1998-01-05;1998-01-28;22,11
10807;FRANS;4;1997-12-31;1998-01-30;1998-01-28;1,36
10808;OLDWO;2;1998-01-01;1998-01-09;1998-01-29;45,53
10809;WELLI;7;1998-01-01;1998-01-07;1998-01-29;4,87
10810;LAUGB;2;1998-01-01;1998-01-07;1998-01-29;4,33
10811;LINOD;8;1998-01-02;1998-01-08;1998-01-30;31,22
10812;REGGC;5;1998-01-02;1998-01-12;1998-01-30;59,78
10813;RICAR;1;1998-01-05;1998-01-09;1998-02-02;47,38
10814;VICTE;3;1998-01-05;1998-01-14;1998-02-02;130,94
10815;SAVEA;2;1998-01-05;1998-01-14;1998-02-02;14,62
10816;GREAL;4;1998-01-06;1998-02-04;1998-02-03;719,78
10817;KOENE;3;1998-01-06;1998-01-13;1998-01-20;306,07
10818;MAGAA;7;1998-01-07;1998-01-12;1998-02-04;65,48
10819;CACTU;2;1998-01-07;1998-01-16;1998-02-04;19,76
10820;RATTC;3;1998-01-07;1998-01-13;1998-02-04;37,52
10821;SPLIR;1;1998-01-08;1998-01-15;1998-02-05;36,68
10822;TRAIH;6;1998-01-08;1998-01-16;1998-02-05;7,00
10823;LILAS;5;1998-01-09;1998-01-13;1998-02-06;163,97
10824;FOLKO;8;1998-01-09;1998-01-30;1998-02-06;1,23
10825;DRACD;1;1998-01-09;1998-01-14;1998-02-06;79,25
10826;BLONP;6;1998-01-12;1998-02-06;1998-02-09;7,09
10827;BONAP;1;1998-01-12;1998-02-06;1998-01-26;63,54
10828;RANCH;9;1998-01-13;1998-02-04;1998-01-27;90,85
10829;ISLAT;9;1998-01-13;1998-01-23;1998-02-10;154,72
10830;TRADH;4;1998-01-13;1998-01-21;1998-02-24;81,83
10831;SANTG;3;1998-01-14;1998-01-23;1998-02-11;72,19
10832;LAMAI;2;1998-01-14;1998-01-19;1998-02-11;43,26
10833;OTTIK;6;1998-01-15;1998-01-23;1998-02-12;71,49
10834;TRADH;1;1998-01-15;1998-01-19;1998-02-12;29,78
10835;ALFKI;1;1998-01-15;1998-01-21;1998-02-12;69,53
10836;ERNSH;7;1998-01-16;1998-01-21;1998-02-13;411,88
10837;BERGS;9;1998-01-16;1998-01-23;1998-02-13;13,32
10838;LINOD;3;1998-01-19;1998-01-23;1998-02-16;59,28
10839;TRADH;3;1998-01-19;1998-01-22;1998-02-16;35,43
10840;LINOD;4;1998-01-19;1998-02-16;1998-03-02;2,71
10841;SUPRD;5;1998-01-20;1998-01-29;1998-02-17;424,30
10842;TORTU;1;1998-01-20;1998-01-29;1998-02-17;54,42
10843;VICTE;4;1998-01-21;1998-01-26;1998-02-18;9,26
10844;PICCO;8;1998-01-21;1998-01-26;1998-02-18;25,22
10845;QUICK;8;1998-01-21;1998-01-30;1998-02-04;212,98
10846;SUPRD;2;1998-01-22;1998-01-23;1998-03-05;56,46
10847;SAVEA;4;1998-01-22;1998-02-10;1998-02-05;487,57
10848;CONSH;7;1998-01-23;1998-01-29;1998-02-20;38,24
10849;KOENE;9;1998-01-23;1998-01-30;1998-02-20;0,56
10850;VICTE;1;1998-01-23;1998-01-30;1998-03-06;49,19
10851;RICAR;5;1998-01-26;1998-02-02;1998-02-23;160,55
10852;RATTC;8;1998-01-26;1998-01-30;1998-02-09;174,05
10853;BLAUS;9;1998-01-27;1998-02-03;1998-02-24;53,83
10854;ERNSH;3;1998-01-27;1998-02-05;1998-02-24;100,22
10855;OLDWO;3;1998-01-27;1998-02-04;1998-02-24;170,97
10856;ANTON;3;1998-01-28;1998-02-10;1998-02-25;58,43
10857;BERGS;8;1998-01-28;1998-02-06;1998-02-25;188,85
10858;LACOR;2;1998-01-29;1998-02-03;1998-02-26;52,51
10859;FRANK;1;1998-01-29;1998-02-02;1998-02-26;76,10
10860;FRANR;3;1998-01-29;1998-02-04;1998-02-26;19,26
10861;WHITC;4;1998-01-30;1998-02-17;1998-02-27;14,93
10862;LEHMS;8;1998-01-30;1998-02-02;1998-03-13;53,23
10863;HILAA;4;1998-02-02;1998-02-17;1998-03-02;30,26
10864;AROUT;4;1998-02-02;1998-02-09;1998-03-02;3,04
10865;QUICK;2;1998-02-02;1998-02-12;1998-02-16;348,14
10866;BERGS;5;1998-02-03;1998-02-12;1998-03-03;109,11
10867;LONEP;6;1998-02-03;1998-02-11;1998-03-17;1,93
10868;QUEEN;7;1998-02-04;1998-02-23;1998-03-04;191,27
10869;SEVES;5;1998-02-04;1998-02-09;1998-03-04;143,28
10870;WOLZA;5;1998-02-04;1998-02-13;1998-03-04;12,04
10871;BONAP;9;1998-02-05;1998-02-10;1998-03-05;112,27
10872;GODOS;5;1998-02-05;1998-02-09;1998-03-05;175,32
10873;WILMK;4;1998-02-06;1998-02-09;1998-03-06;0,82
10874;GODOS;5;1998-02-06;1998-02-11;1998-03-06;19,58
10875;BERGS;4;1998-02-06;1998-03-03;1998-03-06;32,37
10876;BONAP;7;1998-02-09;1998-02-12;1998-03-09;60,42
10877;RICAR;1;1998-02-09;1998-02-19;1998-03-09;38,06
10878;QUICK;4;1998-02-10;1998-02-12;1998-03-10;46,69
10879;WILMK;3;1998-02-10;1998-02-12;1998-03-10;8,50
10880;FOLKO;7;1998-02-10;1998-02-18;1998-03-24;88,01
10881;CACTU;4;1998-02-11;1998-02-18;1998-03-11;2,84
10882;SAVEA;4;1998-02-11;1998-02-20;1998-03-11;23,10
10883;LONEP;8;1998-02-12;1998-02-20;1998-03-12;0,53
10884;LETSS;4;1998-02-12;1998-02-13;1998-03-12;90,97
10885;SUPRD;6;1998-02-12;1998-02-18;1998-03-12;5,64
10886;HANAR;1;1998-02-13;1998-03-02;1998-03-13;4,99
10887;GALED;8;1998-02-13;1998-02-16;1998-03-13;1,25
10888;GODOS;1;1998-02-16;1998-02-23;1998-03-16;51,87
10889;RATTC;9;1998-02-16;1998-02-23;1998-03-16;280,61
10890;DUMON;7;1998-02-16;1998-02-18;1998-03-16;32,76
10891;LEHMS;7;1998-02-17;1998-02-19;1998-03-17;20,37
10892;MAISD;4;1998-02-17;1998-02-19;1998-03-17;120,27
10893;KOENE;9;1998-02-18;1998-02-20;1998-03-18;77,78
10894;SAVEA;1;1998-02-18;1998-02-20;1998-03-18;116,13
10895;ERNSH;3;1998-02-18;1998-02-23;1998-03-18;162,75
10896;MAISD;7;1998-02-19;1998-02-27;1998-03-19;32,45
10897;HUNGO;3;1998-02-19;1998-02-25;1998-03-19;603,54
10898;OCEAN;4;1998-02-20;1998-03-06;1998-03-20;1,27
10899;LILAS;5;1998-02-20;1998-02-26;1998-03-20;1,21
10900;WELLI;1;1998-02-20;1998-03-04;1998-03-20;1,66
10901;HILAA;4;1998-02-23;1998-02-26;1998-03-23;62,09
10902;FOLKO;1;1998-02-23;1998-03-03;1998-03-23;44,15
10903;HANAR;3;1998-02-24;1998-03-04;1998-03-24;36,71
10904;WHITC;3;1998-02-24;1998-02-27;1998-03-24;162,95
10905;WELLI;9;1998-02-24;1998-03-06;1998-03-24;13,72
10906;WOLZA;4;1998-02-25;1998-03-03;1998-03-11;26,29
10907;SPECD;6;1998-02-25;1998-02-27;1998-03-25;9,19
10908;REGGC;4;1998-02-26;1998-03-06;1998-03-26;32,96
10909;SANTG;1;1998-02-26;1998-03-10;1998-03-26;53,05
10910;WILMK;1;1998-02-26;1998-03-04;1998-03-26;38,11
10911;GODOS;3;1998-02-26;1998-03-05;1998-03-26;38,19
10912;HUNGO;2;1998-02-26;1998-03-18;1998-03-26;580,91
10913;QUEEN;4;1998-02-26;1998-03-04;1998-03-26;33,05
10914;QUEEN;6;1998-02-27;1998-03-02;1998-03-27;21,19
10915;TORTU;2;1998-02-27;1998-03-02;1998-03-27;3,51
10916;RANCH;1;1998-02-27;1998-03-09;1998-03-27;63,77
10917;ROMEY;4;1998-03-02;1998-03-11;1998-03-30;8,29
10918;BOTTM;3;1998-03-02;1998-03-11;1998-03-30;48,83
10919;LINOD;2;1998-03-02;1998-03-04;1998-03-30;19,80
10920;AROUT;4;1998-03-03;1998-03-09;1998-03-31;29,61
10921;VAFFE;1;1998-03-03;1998-03-09;1998-04-14;176,48
10922;HANAR;5;1998-03-03;1998-03-05;1998-03-31;62,74
10923;LAMAI;7;1998-03-03;1998-03-13;1998-04-14;68,26
10924;BERGS;3;1998-03-04;1998-04-08;1998-04-01;151,52
10925;HANAR;3;1998-03-04;1998-03-13;1998-04-01;2,27
10926;ANATR;4;1998-03-04;1998-03-11;1998-04-01;39,92
10927;LACOR;4;1998-03-05;1998-04-08;1998-04-02;19,79
10928;GALED;1;1998-03-05;1998-03-18;1998-04-02;1,36
10929;FRANK;6;1998-03-05;1998-03-12;1998-04-02;33,93
10930;SUPRD;4;1998-03-06;1998-03-18;1998-04-17;15,55
10931;RICSU;4;1998-03-06;1998-03-19;1998-03-20;13,60
10932;BONAP;8;1998-03-06;1998-03-24;1998-04-03;134,64
10933;ISLAT;6;1998-03-06;1998-03-16;1998-04-03;54,15
10934;LEHMS;3;1998-03-09;1998-03-12;1998-04-06;32,01
10935;WELLI;4;1998-03-09;1998-03-18;1998-04-06;47,59
10936;GREAL;3;1998-03-09;1998-03-18;1998-04-06;33,68
10937;CACTU;7;1998-03-10;1998-03-13;1998-03-24;31,51
10938;QUICK;3;1998-03-10;1998-03-16;1998-04-07;31,89
10939;MAGAA;2;1998-03-10;1998-03-13;1998-04-07;76,33
10940;BONAP;8;1998-03-11;1998-03-23;1998-04-08;19,77
10941;SAVEA;7;1998-03-11;1998-03-20;1998-04-08;400,81
10942;REGGC;9;1998-03-11;1998-03-18;1998-04-08;17,95
10943;BSBEV;4;1998-03-11;1998-03-19;1998-04-08;2,17
10944;BOTTM;6;1998-03-12;1998-03-13;1998-03-26;52,92
10945;MORGK;4;1998-03-12;1998-03-18;1998-04-09;10,22
10946;VAFFE;1;1998-03-12;1998-03-19;1998-04-09;27,20
10947;BSBEV;3;1998-03-13;1998-03-16;1998-04-10;3,26
10948;GODOS;3;1998-03-13;1998-03-19;1998-04-10;23,39
10949;BOTTM;2;1998-03-13;1998-03-17;1998-04-10;74,44
10950;MAGAA;1;1998-03-16;1998-03-23;1998-04-13;2,50
10951;RICSU;9;1998-03-16;1998-04-07;1998-04-27;30,85
10952;ALFKI;1;1998-03-16;1998-03-24;1998-04-27;40,42
10953;AROUT;9;1998-03-16;1998-03-25;1998-03-30;23,72
10954;LINOD;5;1998-03-17;1998-03-20;1998-04-28;27,91
10955;FOLKO;8;1998-03-17;1998-03-20;1998-04-14;3,26
10956;BLAUS;6;1998-03-17;1998-03-20;1998-04-28;44,65
10957;HILAA;8;1998-03-18;1998-03-27;1998-04-15;105,36
10958;OCEAN;7;1998-03-18;1998-03-27;1998-04-15;49,56
10959;GOURL;6;1998-03-18;1998-03-23;1998-04-29;4,98
10960;HILAA;3;1998-03-19;1998-04-08;1998-04-02;2,08
10961;QUEEN;8;1998-03-19;1998-03-30;1998-04-16;104,47
10962;QUICK;8;1998-03-19;1998-03-23;1998-04-16;275,79
10963;FURIB;9;1998-03-19;1998-03-26;1998-04-16;2,70
10964;SPECD;3;1998-03-20;1998-03-24;1998-04-17;87,38
10965;OLDWO;6;1998-03-20;1998-03-30;1998-04-17;144,38
10966;CHOPS;4;1998-03-20;1998-04-08;1998-04-17;27,19
10967;TOMSP;2;1998-03-23;1998-04-02;1998-04-20;62,22
10968;ERNSH;1;1998-03-23;1998-04-01;1998-04-20;74,60
10969;COMMI;1;1998-03-23;1998-03-30;1998-04-20;0,21
10970;BOLID;9;1998-03-24;1998-04-24;1998-04-07;16,16
10971;FRANR;2;1998-03-24;1998-04-02;1998-04-21;121,82
10972;LACOR;4;1998-03-24;1998-03-26;1998-04-21;0,02
10973;LACOR;6;1998-03-24;1998-03-27;1998-04-21;15,17
10974;SPLIR;3;1998-03-25;1998-04-03;1998-04-08;12,96
10975;BOTTM;1;1998-03-25;1998-03-27;1998-04-22;32,27
10976;HILAA;1;1998-03-25;1998-04-03;1998-05-06;37,97
10977;FOLKO;8;1998-03-26;1998-04-10;1998-04-23;208,50
10978;MAISD;9;1998-03-26;1998-04-23;1998-04-23;32,82
10979;ERNSH;8;1998-03-26;1998-03-31;1998-04-23;353,07
10980;FOLKO;4;1998-03-27;1998-04-17;1998-05-08;1,26
10981;HANAR;1;1998-03-27;1998-04-02;1998-04-24;193,37
10982;BOTTM;2;1998-03-27;1998-04-08;1998-04-24;14,01
10983;SAVEA;2;1998-03-27;1998-04-06;1998-04-24;657,54
10984;SAVEA;1;1998-03-30;1998-04-03;1998-04-27;211,22
10985;HUNGO;2;1998-03-30;1998-04-02;1998-04-27;91,51
10986;OCEAN;8;1998-03-30;1998-04-21;1998-04-27;217,86
10987;EASTC;8;1998-03-31;1998-04-06;1998-04-28;185,48
10988;RATTC;3;1998-03-31;1998-04-10;1998-04-28;61,14
10989;QUEDE;2;1998-03-31;1998-04-02;1998-04-28;34,76
10990;ERNSH;2;1998-04-01;1998-04-07;1998-05-13;117,61
10991;QUICK;1;1998-04-01;1998-04-07;1998-04-29;38,51
10992;THEBI;1;1998-04-01;1998-04-03;1998-04-29;4,27
10993;FOLKO;7;1998-04-01;1998-04-10;1998-04-29;8,81
10994;VAFFE;2;1998-04-02;1998-04-09;1998-04-16;65,53
10995;PERIC;1;1998-04-02;1998-04-06;1998-04-30;46,00
10996;QUICK;4;1998-04-02;1998-04-10;1998-04-30;1,12
10997;LILAS;8;1998-04-03;1998-04-13;1998-05-15;73,91
10998;WOLZA;8;1998-04-03;1998-04-17;1998-04-17;20,31
10999;OTTIK;6;1998-04-03;1998-04-10;1998-05-01;96,35
11000;RATTC;2;1998-04-06;1998-04-14;1998-05-04;55,12
11001;FOLKO;2;1998-04-06;1998-04-14;1998-05-04;197,30
11002;SAVEA;4;1998-04-06;1998-04-16;1998-05-04;141,16
11003;THECR;3;1998-04-06;1998-04-08;1998-05-04;14,91
11004;MAISD;3;1998-04-07;1998-04-20;1998-05-05;44,84
11005;WILMK;2;1998-04-07;1998-04-10;1998-05-05;0,75
11006;GREAL;3;1998-04-07;1998-04-15;1998-05-05;25,19
11007;PRINI;8;1998-04-08;1998-04-13;1998-05-06;202,24
11008;ERNSH;7;1998-04-08;NULL;1998-05-06;79,46
11009;GODOS;2;1998-04-08;1998-04-10;1998-05-06;59,11
11010;REGGC;2;1998-04-09;1998-04-21;1998-05-07;28,71
11011;ALFKI;3;1998-04-09;1998-04-13;1998-05-07;1,21
11012;FRANK;1;1998-04-09;1998-04-17;1998-04-23;242,95
11013;ROMEY;2;1998-04-09;1998-04-10;1998-05-07;32,99
11014;LINOD;2;1998-04-10;1998-04-15;1998-05-08;23,60
11015;SANTG;2;1998-04-10;1998-04-20;1998-04-24;4,62
11016;AROUT;9;1998-04-10;1998-04-13;1998-05-08;33,80
11017;ERNSH;9;1998-04-13;1998-04-20;1998-05-11;754,26
11018;LONEP;4;1998-04-13;1998-04-16;1998-05-11;11,65
11019;RANCH;6;1998-04-13;NULL;1998-05-11;3,17
11020;OTTIK;2;1998-04-14;1998-04-16;1998-05-12;43,30
11021;QUICK;3;1998-04-14;1998-04-21;1998-05-12;297,18
11022;HANAR;9;1998-04-14;1998-05-04;1998-05-12;6,27
11023;BSBEV;1;1998-04-14;1998-04-24;1998-04-28;123,83
11024;EASTC;4;1998-04-15;1998-04-20;1998-05-13;74,36
11025;WARTH;6;1998-04-15;1998-04-24;1998-05-13;29,17
11026;FRANS;4;1998-04-15;1998-04-28;1998-05-13;47,09
11027;BOTTM;1;1998-04-16;1998-04-20;1998-05-14;52,52
11028;KOENE;2;1998-04-16;1998-04-22;1998-05-14;29,59
11029;CHOPS;4;1998-04-16;1998-04-27;1998-05-14;47,84
11030;SAVEA;7;1998-04-17;1998-04-27;1998-05-15;830,75
11031;SAVEA;6;1998-04-17;1998-04-24;1998-05-15;227,22
11032;WHITC;2;1998-04-17;1998-04-23;1998-05-15;606,19
11033;RICSU;7;1998-04-17;1998-04-23;1998-05-15;84,74
11034;OLDWO;8;1998-04-20;1998-04-27;1998-06-01;40,32
11035;SUPRD;2;1998-04-20;1998-04-24;1998-05-18;0,17
11036;DRACD;8;1998-04-20;1998-04-22;1998-05-18;149,47
11037;GODOS;7;1998-04-21;1998-04-27;1998-05-19;3,20
11038;SUPRD;1;1998-04-21;1998-04-30;1998-05-19;29,59
11039;LINOD;1;1998-04-21;NULL;1998-05-19;65,00
11040;GREAL;4;1998-04-22;NULL;1998-05-20;18,84
11041;CHOPS;3;1998-04-22;1998-04-28;1998-05-20;48,22
11042;COMMI;2;1998-04-22;1998-05-01;1998-05-06;29,99
11043;SPECD;5;1998-04-22;1998-04-29;1998-05-20;8,80
11044;WOLZA;4;1998-04-23;1998-05-01;1998-05-21;8,72
11045;BOTTM;6;1998-04-23;NULL;1998-05-21;70,58
11046;WANDK;8;1998-04-23;1998-04-24;1998-05-21;71,64
11047;EASTC;7;1998-04-24;1998-05-01;1998-05-22;46,62
11048;BOTTM;7;1998-04-24;1998-04-30;1998-05-22;24,12
11049;GOURL;3;1998-04-24;1998-05-04;1998-05-22;8,34
11050;FOLKO;8;1998-04-27;1998-05-05;1998-05-25;59,41
11051;LAMAI;7;1998-04-27;NULL;1998-05-25;2,79
11052;HANAR;3;1998-04-27;1998-05-01;1998-05-25;67,26
11053;PICCO;2;1998-04-27;1998-04-29;1998-05-25;53,05
11054;CACTU;8;1998-04-28;NULL;1998-05-26;0,33
11055;HILAA;7;1998-04-28;1998-05-05;1998-05-26;120,92
11056;EASTC;8;1998-04-28;1998-05-01;1998-05-12;278,96
11057;NORTS;3;1998-04-29;1998-05-01;1998-05-27;4,13
11058;BLAUS;9;1998-04-29;NULL;1998-05-27;31,14
11059;RICAR;2;1998-04-29;NULL;1998-06-10;85,80
11060;FRANS;2;1998-04-30;1998-05-04;1998-05-28;10,98
11061;GREAL;4;1998-04-30;NULL;1998-06-11;14,01
11062;REGGC;4;1998-04-30;NULL;1998-05-28;29,93
11063;HUNGO;3;1998-04-30;1998-05-06;1998-05-28;81,73
11064;SAVEA;1;1998-05-01;1998-05-04;1998-05-29;30,09
11065;LILAS;8;1998-05-01;NULL;1998-05-29;12,91
11066;WHITC;7;1998-05-01;1998-05-04;1998-05-29;44,72
11067;DRACD;1;1998-05-04;1998-05-06;1998-05-18;7,98
11068;QUEEN;8;1998-05-04;NULL;1998-06-01;81,75
11069;TORTU;1;1998-05-04;1998-05-06;1998-06-01;15,67
11070;LEHMS;2;1998-05-05;NULL;1998-06-02;136,00
11071;LILAS;1;1998-05-05;NULL;1998-06-02;0,93
11072;ERNSH;4;1998-05-05;NULL;1998-06-02;258,64
11073;PERIC;2;1998-05-05;NULL;1998-06-02;24,95
11074;SIMOB;7;1998-05-06;NULL;1998-06-03;18,44
11075;RICSU;8;1998-05-06;NULL;1998-06-03;6,19
11076;BONAP;4;1998-05-06;NULL;1998-06-03;38,28
11077;RATTC;1;1998-05-06;NULL;1998-06-03;8,53
